What are the,It seems like the question was cut off before it was completed. Could you please provide the full question so that I can assist you accurately?,AI
What are the relevant_url from this file?,"The relevant URLs from the provided file are:
1. [Enga Engineered Air XES255 Heat Pump Manual](https://www.manualslib.com/products/Enga-Engineered-Air-Xes255-11219475.html)
2. [Rheem RTEX-04T Use & Care Manual](https://www.manualslib.com/products/Rheem-Rtex-04t-13744217.html)
3. [Savaria Prolift Voyager Owner's Manual](http://www.rotorelevators.ca/documents/prolift-voyager/user-manual.pdf)",AI
What are the model number from the excel file?,"The model numbers from the Excel file are XES255, RTEX-04, and Prolift Voyager.",AI
Generate some visualizations based on the excel file,"To generate visualizations based on the sample data in the excel file provided, you can use various data visualization tools such as Python with libraries like Pandas, Matplotlib, and Seaborn, or tools like Microsoft Excel or Google Sheets.

Here is an example process using Python and Pandas:

1. Import necessary libraries:
```python
import pandas as pd
import matplotlib.pyplot as plt
import seaborn as sns
```

2. Read the excel file into a Pandas dataframe:
```python
df = pd.read_excel('sample_data.xlsx')
```

3. Explore the data and generate visualizations:
```python
# Example visualization - Count of equipment types
plt.figure(figsize=(10, 6))
sns.countplot(data=df, y='equipment', palette='viridis')
plt.title('Count of Equipment Types')
plt.xlabel('Count')
plt.ylabel('Equipment Type')
plt.show()

# Example visualization - OCR Status distribution
plt.figure(figsize=(6, 4))
df['OCR_status'].value_counts().plot(kind='bar', color='skyblue')
plt.title('OCR Status Distribution')
plt.xlabel('OCR Status')
plt.ylabel('Count')
plt.show()
```

4. You can create other visualizations based on the specific data fields and relationships you want to explore, such as manufacturer distribution, relevant text analysis, or web search status breakdown.

Remember to customize the visualizations based on your specific requirements and data analysis goals.",AI
"no you come up with the vis, dont give me code","To visualize the data provided, you can use a spreadsheet or data visualization tool like Microsoft Excel, Google Sheets, Tableau, or Power BI. Create a table with columns for filename, filepath, serial number, manufacturer, model number, relevant make LCS, relevant model LCS, relevant text, equipment, relevant URL, OCR status, and web search status. You can then input the sample data into the respective columns to represent the information visually. If you need further assistance on how to create specific visualizations or analyze the data, feel free to ask.",AI
generate visualizations,"To generate visualizations, you can use data visualization tools such as Microsoft Power BI, Tableau, Google Data Studio, or Python libraries like Matplotlib, Seaborn, or Plotly. These tools allow you to create interactive and informative visual representations of your data, making it easier to analyze and understand patterns, trends, and insights. You can explore different types of charts, graphs, and dashboards to present your data effectively.",AI
why dont you do it,"I'm here to help and provide information. If you have any specific questions or tasks, feel free to ask, and I'll do my best to assist you.",AI
Generate some visualizations,"Certainly! Let's generate some visualizations based on the sample data you provided. 

Here's a sample code to create a bar plot to visualize the count of equipment types in the dataset:

```python
import pandas as pd
import matplotlib.pyplot as plt

# Sample data
data = {
    'filename': ['Image 1.jpg', 'Image 2.jpg', 'Image 3.jpg'],
    'equipment': ['Heat Pump', 'Rheem RTEX-04T', 'Accessibility Lifts']
}

df = pd.DataFrame(data)

# Count of equipment types
equipment_count = df['equipment'].value_counts()

# Plotting the bar plot
plt.figure(figsize=(10, 6))
equipment_count.plot(kind='bar', color='skyblue')
plt.title('Count of Equipment Types')
plt.xlabel('Equipment Type')
plt.ylabel('Count')
plt.xticks(rotation=45)
plt.show()
```

This code will generate a bar plot showing the count of each equipment type in the sample data. Feel free to let me know if you would like to see other types of visualizations or if you have any specific requirements!",AI
I want you to run the code here and generate some visualizations,"```python
import pandas as pd
import matplotlib.pyplot as plt
import seaborn as sns

# Sample data
data = {
    'filename': ['Image 1.jpg', 'Image 2.jpg', 'Image 3.jpg'],
    'filepath': ['C:/Users/jtseng1/OneDrive...', 'C:/Users/jtseng1/OneDrive...', 'C:/Users/jtseng1/OneDrive...'],
    'serial_number': ['E8421 F-1', 'G222000359', '798467'],
    'manufacturer': ['Engineered Air', 'Rheem', 'Savaria'],
    'model_number': ['XES255', 'RTEX-04', 'Prolift Voyager'],
    'relevant_make_LCS': ['Engineered Air', 'Rheem', 'Savaria'],
    'relevant_model_LCS': ['XES255', 'RTEX-04', 'PROLIFT VOYAGER'],
    'relevant_text': ['Enga Engineered Air XES255 Heat Pump...', 'Rheem RTEX-04T Pdf User Manuals...', 'PROLIFT SCL / PROLIFT VOYAGER...'],
    'equipment': ['Heat Pump', 'Rheem RTEX-04T', 'Accessibility Lifts'],
    'relevant_url': ['https://www.manualslib.com/products/Enga-Engineered-Air-Xes255-11219475.html', 'https://www.manualslib.com/products/Rheem-Rtex-04t-13744217.html', 'http://www.rotorelevators.ca/documents/prolift-voyager/user-manual.pdf'],
    'OCR_status': ['Success', 'Success', 'Success'],
    'web_search_status': ['Success', 'Success', 'Success']
}

df = pd.DataFrame(data)

# Visualization
plt.figure(figsize=(10, 6))
sns.countplot(x='manufacturer', data=df, palette='viridis')
plt.title('Count of Equipment by Manufacturer')
plt.xticks(rotation=45)
plt.show()
```",AI
Hi there,Hello! How can I assist you today with data analysis or visualizations?,AI
Hi there,Hello! How can I assist you today with data analysis or visualizations?,AI
What are teh principles of preventive mainenance?,"The principles of preventive maintenance typically include:

1. Scheduled Inspections: Regularly inspecting equipment to identify potential issues before they cause a breakdown.
2. Planned Maintenance: Having a maintenance schedule that includes routine tasks such as lubrication, cleaning, and adjustments.
3. Predictive Maintenance: Using data and analytics to predict when maintenance is required based on equipment performance.
4. Reliability Centered Maintenance (RCM): Focusing maintenance efforts on critical assets to maximize reliability and minimize downtime.
5. Continuous Improvement: Learning from maintenance activities and feedback to continuously improve maintenance processes.

If you would like to analyze this further or create visualizations, please let me know!",AI
hi there,Hello! How can I assist you today with data analysis or visualizations?,AI
What are the differences between PM and CM?,"PM stands for Preventive Maintenance, which involves scheduled maintenance tasks carried out to prevent breakdowns and ensure the reliability of equipment. On the other hand, CM stands for Corrective Maintenance, which involves repairing or replacing faulty equipment after a breakdown has occurred.

In terms of their purpose:
- PM is proactive and aims to prevent failures before they occur.
- CM is reactive and focuses on fixing failures after they have happened.

In terms of scheduling:
- PM tasks are planned and scheduled in advance.
- CM tasks are unplanned and performed as needed in response to failures.

In terms of cost:
- PM can be seen as an investment to avoid costly breakdowns.
- CM is typically more expensive due to downtime and repair costs.

Would you like me to provide a comparison visualization between PM and CM using a sample dataset?",AI
Hi there,Hello! How can I assist you today with data analysis or visualizations?,AI
I want to go to dhaka,"It seems like you would like to know more about Dhaka. Dhaka is the capital and largest city of Bangladesh. It is known for its rich history, vibrant culture, and bustling markets. If you are planning a trip to Dhaka, you may want to explore attractions like Lalbagh Fort, Ahsan Manzil, Dhakeshwari Temple, and the vibrant street markets.

If you need any specific information or assistance related to Dhaka, feel free to ask!

Do you have any specific questions or topics you would like to know more about regarding Dhaka or any other data analysis-related queries?",AI
top 10 anime betrayals,"I'm here to assist you with data analysis and visualizations. For the question about ""top 10 anime betrayals,"" I can help you create a visualization of some fictional data representing potential anime betrayals. Let's create a horizontal bar plot to imagine this scenario.

```python
import pandas as pd
import matplotlib.pyplot as plt

# Creating fictional data for anime betrayals
anime_betrayers = ['Character A', 'Character B', 'Character C', 'Character D', 'Character E',
                   'Character F', 'Character G', 'Character H', 'Character I', 'Character J']
betrayal_scores = [9.8, 9.6, 9.4, 9.3, 9.2, 9.1, 8.9, 8.6, 8.4, 8.2]

# Create a DataFrame
betrayal_data = pd.DataFrame({'Characters': anime_betrayers, 'Betrayal Scores': betrayal_scores})

# Plotting the top 10 anime betrayals
plt.figure(figsize=(10, 6))
plt.barh(betrayal_data['Characters'], betrayal_data['Betrayal Scores'], color='skyblue')
plt.xlabel('Betrayal Scores')
plt.title('Top 10 Anime Betrayals')
plt.gca().invert_yaxis()
plt.show()
```

This code will generate a horizontal bar plot showing the fictional betrayal scores of the top 10 anime characters who have committed betrayals. Feel free to adjust the data and customize the plot to suit your imagination!",AI
make it top 9,"To display only the top 9 rows of a DataFrame in Python using pandas, you can use the `head()` method. If you have a specific dataset or DataFrame in mind that you want to display the top 9 rows of, please provide the dataset or DataFrame for me to demonstrate with.

Here is an example code snippet that you can run in a Python script or a Jupyter notebook to display the top 9 rows of a DataFrame:

```python
import pandas as pd

# Assuming you have a DataFrame named df
# Display the top 9 rows of the DataFrame
top_9_rows = df.head(9)
print(top_9_rows)
```

Replace `df` with the actual DataFrame you want to view. If you have any specific datasets you would like to see the top 9 rows of, please provide the dataset or DataFrame, and I can assist you further.",AI
Hi there,Hi! How can I assist you with data analysis or visualization today?,AI
kn;ln,"I'm sorry, I couldn't understand your question. Could you please provide more details or clarify your query? If you have any data analysis or visualization tasks you'd like assistance with, feel free to ask!",AI
wassup,Hello! How can I assist you with data analysis or visualizations today?,AI
maybe some PM,"Sure, I can assist with PM-related data analysis. What specific PM data analysis would you like to perform or visualize?",AI
Make a pie chart of zones,"```python
import pandas as pd
import matplotlib.pyplot as plt

# Sample data provided
data = """"""Your sample data here""""""

# Load data into a DataFrame
df = pd.read_csv(pd.compat.StringIO(data))

# Count the number of occurrences for each zone
zone_counts = df['Zone'].value_counts()

# Create a pie chart of zones
plt.figure(figsize=(10,8))
plt.pie(zone_counts, labels=zone_counts.index, autopct='%1.1f%%', startangle=140)
plt.axis('equal')  # Equal aspect ratio ensures that pie is drawn as a circle
plt.title('Distribution of Zones')
plt.show()
```",AI
Generate a pie chart of Zone,"```python
import pandas as pd
import matplotlib.pyplot as plt

data = {
    'Zone': ['CENTER', 'FM', 'NORTH', 'SOUTH'],
    'Count': [49, 45, 23, 31]
}

df = pd.DataFrame(data)

plt.figure(figsize=(8, 6))
plt.pie(df['Count'], labels=df['Zone'], autopct='%1.1f%%', startangle=140)
plt.axis('equal')  # Equal aspect ratio ensures that pie is drawn as a circle.
plt.title('Distribution of Zones')
plt.show()
```",AI
Generate a pie-chart of region,"```python
import pandas as pd
import matplotlib.pyplot as plt

# Sample data
data = {
    'Priority Icon': ['4 - Low@TURQUOISE', '4 - Low@TURQUOISE', '4 - Low@TURQUOISE', '4 - Low@TURQUOISE', '4 - Low@TURQUOISE'],
    'Region': ['SOUTHEAST', 'NORTHWEST', 'SOUTHWEST', 'NORTHWEST', 'SOUTHEAST']
}

df = pd.DataFrame(data)

# Count values by region
region_counts = df['Region'].value_counts()

# Plotting the pie chart
plt.figure(figsize=(8, 8))
plt.pie(region_counts, labels=region_counts.index, autopct='%1.1f%%', startangle=140)
plt.axis('equal')  # Equal aspect ratio ensures that pie is drawn as a circle.

plt.title('Distribution of Work Orders by Region')
plt.show()
```",AI
Do the same for Assigned By,"To analyze the ""Assigned By"" column from the provided sample data, we can start by loading the data into a DataFrame using pandas and then examining the unique values in the ""Assigned By"" column.

Here is the code to analyze the ""Assigned By"" column:

```python
import pandas as pd

# Sample data provided
data = {
    'Priority Icon': ['4 - Low@TURQUOISE', '4 - Low@TURQUOISE', '4 - Low@TURQUOISE', '4 - Low@TURQUOISE', '4 - Low@TURQUOISE'],
    'Work Order': [3686684, 3686478, 3691785, 3691786, 3691870],
    'WO Type': ['Preventive Maintenance', 'Preventive Maintenance', 'Preventive Maintenance', 'Preventive Maintenance', 'Preventive Maintenance'],
    'Status': ['Work Complete', 'Closed', 'Closed', 'Closed', 'Closed'],
    'Equipment': ['CALPB-PLUMBING', 'ALBTC-PLUMBING', 'RCABA-CT0101', 'RCABA-CT0201', 'RCACO-CT0101'],
    'Building Name': ['CALGARY PUBLIC BUILDING', 'ALBERTA TRADE CENTRE', 'FATHER DAVID BAUER ARENA', 'FATHER DAVID BAUER ARENA', 'MURRAY COPOT ARENA'],
    'Building ID': [11680.0, 11673.0, 11779.0, 11779.0, 11191.0],
    'Description': ['QUARTERLY WASHROOM ROUNDS', 'QUARTERLY WASHROOM ROUNDS', 'MONTHLY CONDENSER WATER TREATMENT INSPECTION', 'MONTHLY CONDENSER WATER TREATMENT INSPECTION', 'MONTHLY CONDENSER WATER TREATMENT INSPECTION'],
    'Assigned To': ['', '', '', '', ''],
    'Trade': ['COC-MAINTENANCE', 'COC-MAINTENANCE', 'COC-CONTRACTOR', 'COC-CONTRACTOR', 'COC-CONTRACTOR'],
    'Zone': ['CENTER', 'CENTER', 'NORTH', 'NORTH', 'NORTH'],
    'Organization': ['FM', 'FM', 'RC', 'RC', 'RC'],
    'Sched. Start Date': ['2024-01-01', '2024-01-01', '2024-01-01', '2024-01-01', '2024-01-01'],
    'Date Completed': ['2024-01-25 12:23:00', '2024-02-20 14:17:00', '2024-01-18 10:02:00', '2024-01-18 09:58:00', '2024-02-06 07:13:00'],
    'PM Code': ['Q-ROUNDSWR-01-03', 'Q-ROUNDSWR-01-03', 'NH3-WT100', 'NH3-WT100', 'NH3-WT100'],
    'Last Updated By': ['BCDANCEY', 'TGSEGGIE', 'JVYOUNG', 'JVYOUNG', 'JPERESSINI'],
    'Service Category': ['', '', '', '', ''],
    'Service Code': ['', '', '', '', ''],
    'Date Created': ['2023-12-28', '2023-12-28', '2023-12-28', '2023-12-28', '2023-12-28'],
    'Region': ['SOUTHEAST', 'SOUTHEAST', 'NORTHWEST', 'NORTHWEST', 'NORTHWEST']
}

df = pd.DataFrame(data)

# Check unique values in the 'Assigned By' column
assigned_by_values = df['Assigned By'].unique()
print(assigned_by_values)
```

This code will load the sample data into a DataFrame and then print the unique values present in the ""Assigned By"" column. You can run this code in a Python environment to see the unique values in the ""Assigned By"" column from the provided sample data.",AI
Generate a pie chart of Zone,"```python
import pandas as pd
import matplotlib.pyplot as plt

# Sample data provided by the user
data = {
    'Priority Icon': ['1 - Urgent@RUBY', '3 - Medium@AMBER', '2 - High@CORAL', '1 - Urgent@RUBY', '', '', '2 - High@CORAL', '2 - High@CORAL', '1 - Urgent@RUBY', '3 - Medium@AMBER', '', '', '4 - Low@TURQUOISE', '4 - Low@TURQUOISE', '4 - Low@TURQUOISE', '4 - Low@TURQUOISE', '4 - Low@TURQUOISE', '4 - Low@TURQUOISE', '4 - Low@TURQUOISE', '4 - Low@TURQUOISE', '4 - Low@TURQUOISE', '4 - Low@TURQUOISE', '4 - Low@TURQUOISE', '4 - Low@TURQUOISE', '4 - Low@TURQUOISE', '4 - Low@TURQUOISE', '4 - Low@TURQUOISE', '4 - Low@TURQUOISE', '4 - Low@TURQUOISE', '...
    'Work Order': [1562328.0, 66136.0, 66158.0, 66147.0, 66150.0, 66149.0, 66219.0, 66145.0, 66678.0, 66874.0, 66882.0, 66917.0, 66923.0, 66927.0, 67139.0, 67144.0, 67156.0, 67296.0, 67274.0, 66928.0, 66921.0, 66713.0, 66714.0, 66715.0, 66716.0, 66722.0, 66723.0, 66729.0, 66724.0, 66725.0, 66741.0, 66750.0, 66745.0, 66746.0, 66748.0, 66747.0, 66734.0, 66742.0, 66735.0, 66740.0, 66757.0, 66749.0, 66756.0, 67304.0, 67305.0, 67298.0, 67309.0, 67364.0, 67310.0, 67381.0, 67388.0, 66498.0, 67659.0, 67648.0, 67650.0, 67653.0, 676...
    'WO Type': ['Demand work order customer', 'Demand work order maintenance', 'Demand work order customer', 'Demand work order customer', 'Demand work order customer', 'Demand work order customer', 'Demand work order customer', 'Demand work order maintenance', 'Demand work order customer', 'Demand work order customer', 'Demand work order customer', 'Demand work order customer', 'Demand work order maintenance', 'Demand work order customer', 'Demand work order maintenance', 'Demand work order maintenance', 'Demand work...
    'Status': ['Closed', 'Cancelled', 'Closed', 'Closed', 'Closed', 'Closed', 'Closed', 'Closed', 'Closed', 'Closed', 'Closed', 'Closed', 'Closed', 'Closed', 'Closed', 'Closed', 'Closed', 'Closed', 'Closed', 'Closed', 'Closed', 'Closed', 'Closed', 'Closed', 'Closed', 'Closed', 'Closed', 'Closed', 'Closed', 'Closed', 'Closed', 'Closed', 'Closed', 'Closed', 'Closed', 'Closed', 'Closed', 'Closed', 'Closed', 'Closed', 'Closed', 'Closed', 'Closed', 'Closed', 'Closed', 'Closed', 'Closed', 'Closed', 'Closed', 'Closed',...
    'Equipment': ['RCTWI-HVAC', 'AD-WC', 'MANWC-PLUMBING', 'AD-WC-01', 'AD-WC-01', 'AD-WC-02', 'AD-WC-AA', 'AD-WC-01', 'AD-WC-02', 'AD-WC-01', 'AD-WC-01', 'AD-WC-01', 'AD-WC-01', 'AD-WC-AA', 'AD-WC-01', 'MANWC-HVAC', 'MANWC-HVAC', '12061', 'MANWC-HVAC', 'MANWC-PLUMBING', 'AD-WC-EX', 'AD-WC-EX', 'AD-WC-EX', 'AD-WC-EX', 'MANWC-ELECTRICAL', 'MANWC-ELECTRICAL', 'MANWC-HVAC', 'AD-WC-EX', 'MANWC-PLUMBING', 'MANWC-SPECIALTIES', 'MANWC-PLUMBING', 'MANWC-SPECIALTIES', 'MANWC-SPECIALTIES', 'MANWC-HVAC', 'MANWC-HVAC', 'MANWC-ELECTRIC...
    'Building Name': ['WILDFLOWER ARTS CENTRE', '', 'WATER CENTRE', '', '', '', '', '', '', '', '', '', '', '', '', '', '', 'WATER CENTRE', 'WATER CENTRE', 'WATER CENTRE', 'WATER CENTRE', 'WATER CENTRE', 'WATER CENTRE', 'SEBIEGANEK-FM', 'WATER CENTRE', '', 'WATER CENTER', 'WATER CENTRE', 'WATER CENTRE', 'WATER CENTRE', 'WATER CENTRE', 'WATER CENTRE', 'WATER CENTRE', 'WATER CENTRE', 'WATER CENTRE', 'WATER CENTRE', 'WATER CENTRE', 'WATER CENTRE', 'WATER CENTRE', 'WATER CENTRE', 'WATER CENTRE', 'WATER CENTRE', ''...
    'Building ID': [16494.0, 15143.0, 15143.0, 15143.0, 15143.0, 15143.0, 15143.0, 15143.0, 15143.0, 15143.0, 15143.0, 15143.0, 15143.0, 15143.0, 15143.0, 15143.0, 15143.0, 15143.0, 15143.0, 15143.0, 15144.0, 15144.0, 15144.0, 15144.0, 15143.0, 15143.0, 15143.0, 15143.0, 15143.0, 15143.0, 15143.0, 15143.0, 15144.0, 15144.0, 15144.0, 15143.0, 15143.0, 15143.0, 15143.0, 15143.0, 15143.0, 15143.0, 15144.0, 15143.0, 15143.0, 15143.0, 15143.0, 15143.0, 15143.0, 15143.0, 15144.0, 151...
    'Description': ['AC1LR(?) No heat as per 2017 invoice # 1W65536', 'HVAC OTHER', 'GROUNDS OTHER', 'PLUMBING TOILET', 'HVAC COLD', 'HVAC COLD', 'GROUNDS PARKING/WALK MAINT', 'Seal janitor slop sink lower level water centre', 'DOOR OTHER', 'LIGHTING INT - BULB REPLACEMENT', 'PLUMBING OTHER', 'PLUMBING LEAK', 'Remove HVAC sensor', 'FLOOR COVERING CARPET REPAIR', 'GROUNDS PARKING/WALK MAINT', 'Troubleshoot chiller alarm condition', 'HVAC OTHER', 'P-7 seal replacement', 'Door Handle repair', 'Lakos Cyclone Separator ...
    'Assigned To': [nan, 'FM-MECHANICAL', 'FM-MAINTENANCE', 'FM-MAINTENANCE', 'FM-MECHANICAL', 'FM-MECHANICAL', 'FM-MAINTENANCE', 'FM-MAINTENANCE', 'FM-MAINTENANCE', 'FM-MAINTENANCE', 'FM-MAINTENANCE', 'FM-MAINTENANCE', 'FM-INSTRUMENT', 'FM-MAINTENANCE', 'FM-MAINTENANCE', 'FM-MECHANICAL', 'FM-MECHANICAL', 'JAMES-ELECTRIC', 'FZEWDIE-FM', 'SEBIEGANEK-FM', 'FM-MECHANICAL', 'FZEWDIE-FM', 'FZEWDIE-FM', 'FZEWDIE-FM', 'AKOSTENUKE-FM', 'AKOSTENUKE-FM', 'RRWASYLENKO-FM', 'FZEWDIE-FM', 'SEBIEGANEK-FM', 'FZEWDIE-FM', 'FZEWDIE-FM', '...
    'Trade': ['COC-CONTRACTOR', 'FM-MECHANICAL', 'FM-MAINTENANCE', 'FM-MAINTENANCE', 'FM-MECHANICAL', 'FM-MECHANICAL', 'FM-MAINTENANCE', 'FM-MAINTENANCE', 'FM-MAINTENANCE', 'FM-MAINTENANCE', 'FM-MAINTENANCE', 'FM-MAINTENANCE', 'FM-INSTRUMENT', 'FM-MAINTENANCE', 'FM-MAINTENANCE', 'FM-MECHANICAL', 'FM-MECHANICAL', 'FM-CONTRACTOR', 'FM-MAINTENANCE', 'FM-MECHANICAL', 'FM-MAINTENANCE', 'FM-MAINTENANCE', 'FM-MAINTENANCE', 'FM-INSTRUMENT', 'FM-INSTRUMENT', 'FM-ELECTRICIAN', 'FM-MAINTENANCE', 'FM-ELECTRICIAN', 'FM-MAINTENANCE', 'FM-MECH...
    'Zone': ['SOUTH', 'FM-SOUTH', 'FM-SOUTH', 'FM-SOUTH', 'FM-SOUTH', 'FM-SOUTH', 'FM-SOUTH', 'FM-SOUTH', 'FM-SOUTH', 'FM-SOUTH', 'FM-SOUTH', 'FM-SOUTH', 'FM-SOUTH', 'FM-SOUTH', 'FM-SOUTH', 'FM-SOUTH', 'FM-SOUTH', 'FM-SOUTH', 'FM-SOUTH', 'FM-SOUTH', 'FM-SOUTH', 'FM-SOUTH', 'FM-SOUTH', 'FM-SOUTH', 'FM-SOUTH', 'FM-SOUTH', 'FM-SOUTH', 'FM-SOUTH', 'FM-SOUTH', 'FM-SOUTH', 'FM-SOUTH', 'FM-SOUTH', 'FM-SOUTH', 'FM-SOUTH', 'FM-SOUTH', 'FM-SOUTH', 'FM-SOUTH', 'FM-SOUTH', 'FM-SOUTH', 'FM-SOUTH', 'FM-EAST', 'FM-MECHANICAL',...
    'Organization': ['RC', 'FM', 'FM', 'FM', 'FM', 'FM', 'FM', 'FM', 'FM', 'FM', 'FM', 'FM', 'FM', 'FM', 'FM', 'FM', 'FM', 'FM', 'FM', 'FM', 'FM', 'FM', 'FM', 'FM', 'FM', 'FM', 'FM', 'FM', 'FM', 'FM', 'FM', 'FM', 'FM', 'FM', 'FM', 'FM', 'FM', 'FM', 'FM', 'FM', 'FM-TUNNEL', 'FM', 'FM', 'FM', 'FM', 'FM', 'FM-INSTRUMENT', 'FM', 'FM', 'FM', 'FM', 'FM-CONTRACTOR', 'FM-MAINTENANCE', 'FM', 'FM', 'FM', 'FM', 'FM', 'FM', 'FM-MECHANICAL', 'FM', 'FM', 'FM', 'FM', 'FM', 'FM-ELECTRICIAN', 'FM-INSTRUMENT', 'FM-ELECTRICIAN',...
    'Sched. Start Date': ['2017-02-28', '2017-07-18', '2017-07-18', '2017-07-18', '2017-07-18', '2017-07-18', '2017-07-19', '2017-07-19', '2017-07-20', '2017-07-21', '2017-07-24', '2017-07-25', '2017-07-25', '2017-07-26', '2017-07-28', '2017-07-28', '2017-07-28', '2017-07-31', '2017-07-31', '2017-08-01', '2017-08-01', '2017-08-01', '2017-08-01', '2017-08-01', '2017-08-01', '2017-08-01', '2017-08-01', '2017-08-01', '2017-08-01', '2017-08-01', '2017-08-01', '2017-08-01', '2017-08-01', '2017-08-01', '...
    'Date Completed': ['2017-02-28 00:00:00', '2017-07-18 13:56:00', '2017-11-10 10:27:00', '2017-08-17 09:01:00', '2017-08-02 10:00:00', '2017-08-02 10:01:00', '2017-08-02 09:59:00', '2017-08-02 10:03:00', '2017-08-03 15:03:00', '2017-07-21 11:54:00', '2017-08-02 10:23:00', '2017-08-08 14:54:00', '2017-10-24 15:24:00', '2017-07-27 10:45:00', '2017-07-27 08:54:00', '2017-11-08 07:57:00', '2017-11-10 10:38:00', '2017-11-10 10:40:00', '2017-08-01 09:32:00', '2017-08-01 15:14:00', '2017-08-26 14:29:00', '2017-08-...
    'PM Code': ['nan', 'PT-0140', 'PT-0130', 'PT-0220', 'PT-0140', 'PT-0140', 'PT-0130', 'nan', 'PT-0030', 'PT-0180', 'PT-0140', 'PT-0140', 'nan', 'PT-0110', 'PT-0130', 'PT-0140', 'PT-0140', 'nan', 'PT-0030', 'FM-LAKOS-M', 'FM-WC-DRAIN-Q', 'FM-WC-PATIOPW-M', 'FM-WC-PATIOF-BW', 'FM-WC-GARBAGE-W', 'FM-WC-EXTCLEAN-W', 'FM-WC-EXTCLEAN-W', 'nan', 'FM-CPR-WF-M', 'FM-BLR-HWOG<120MBH-M', 'FM-CUT-SOFTENER-W', 'FM-PCD-PEST-M', 'FM-CPR-WF-M', 'FM-WC-BMS-W', 'FM-WC-WASHR-W', 'FM-WC-WASHRH-M', 'FM-WC-WRBATT-A', 'FM-ACU-A...
    'Last Updated By': ['CRICE', 'nan', 'JWOODS', 'nan', 'RKELLY3', 'RKELLY3', 'PRINTOUL1', 'PRINTOUL1', 'PRINTOUL1', 'PRINTOUL1', 'PRINTOUL1', 'PRINTOUL1', 'RKELLY3', 'PRINTOUL1', 'PRINTOUL1', 'RKELLY3', 'TSPILLOWAY', 'ALWOLFRAMROSAS', 'RKELLY3', 'PRINTOUL1', 'RKELLY3', 'RKELLY3', 'PRINTOUL1', 'RKELLY3', 'PRINTOUL1', 'PRINTOUL1', 'PRINTOUL1', 'PRINTOUL1', 'RKELLY3', 'PRINTOUL1', 'CMENSIGN', 'PRINTOUL1', 'PRINTOUL1', 'PRINTOUL1', 'PRINTOUL1', 'PRINTOUL1', 'PRINTOUL1', 'PRINTOUL1', 'nan', 'TSPILLOWAY', 'PRINTOUL1'...
    'Service Category': ['ST-0340', 'ST-1040', 'ST-1030', 'ST-0670', 'ST-0340', 'ST-0340', 'ST-0310', 'nan', 'ST-0990', 'ST-0560', 'ST-1070', 'ST-0630', 'nan', 'ST-0230', 'ST-0310', 'ST-1040', 'ST-1040', 'nan', 'ST-0070', 'nan', 'nan', 'nan', 'nan', 'nan', 'nan', 'ST-0340', 'nan', 'nan', 'ST-0340', 'nan', 'nan', 'nan', 'nan', 'nan', 'nan', 'nan', 'nan', 'nan', 'nan', 'nan', 'nan', 'ST-0540', 'nan', 'ST-0960', 'ST-0370', 'nan', 'nan', 'ST-0310', 'ST-0330', 'ST-1020', 'ST-1040', 'ST-0260', 'ST-1040',",AI
Generate a pie chart for Zone,"```python
import pandas as pd
import matplotlib.pyplot as plt

# Sample data provided
data = {
    'Work Order': [3686684, 3686478, 3691785, 3691786, 3691870, 3691892, 3691908, 3692048, 3692078, 3692092, 3691945, 
                   3692016, 3688314, 3688315, 3688157, 3688484, 3688485, 3686514, 3691093, 3691117, 3691027, 3691113, 3691138, 
                   3690209, 3693024, 3690259, 3690260, 3690262, 3690364, 3690343, 3690296, 3690338, 3690214, 3686497, 3687831, 
                   3687840, 3687843, 3687845, 3687846, 3687835, 3687847, 3687848, 3687849, 3687864, 3687856, 3687859, 3687841, 3688855, 
                   3688838, 3688863, 3688841, 3687831, 3687840, 3687843, 3687845, 3687846, 3687835, 3687847, 3687848, 3687849, 3687864, 
                   3687856, 3687859, 3687841, 3688855, 3688838, 3688863, 3688841, 3687831, 3687840, 3687843, 3687845, 3687846, 3687835, 
                   3687847, 3687848, 3687849, 3687864, 3687856, 3687859, 3687841],
    'Zone': ['CENTER', 'CENTER', 'NORTH', 'NORTH', 'NORTH', 'NORTH', 'SOUTH', 'SOUTH', 'NORTH', 'SOUTH', 'NORTH', 'NORTH', 
             'CENTER', 'CENTER', 'SOUTH', 'CENTER', 'CENTER', 'CENTER', 'SOUTH', 'SOUTH', 'SOUTH', 'NORTH', 'SOUTH', 
             'SOUTH', 'NORTH', 'FM', 'FM', 'FM', 'FM', 'FI', 'FI', 'FI', 'FI', 'FM', 'FM', 'FM', 'FM', 'FM', 'FM', 
             'FM', 'FM', 'FM', 'FM', 'FM', 'FM', 'FM', 'FM', 'FM', 'FM', 'FM', 'FM', 'FM', 'FM', 'FM', 'FM', 'FM', 
             'FM', 'FM', 'FM', 'FM', 'FM', 'FM', 'FM', 'FM', 'FM', 'FM', 'FM', 'FM', 'FM', 'FM', 'FM', 'FM', 'FM'],
}

df = pd.DataFrame(data)

# Calculate count of work orders per Zone
zone_counts = df['Zone'].value_counts()

# Plotting the pie chart
plt.figure(figsize=(8, 8))
plt.pie(zone_counts, labels=zone_counts.index, autopct='%1.1f%%', startangle=140)
plt.axis('equal')  # Equal aspect ratio ensures that pie is drawn as a circle.

plt.title('Work Orders by Zone')

plt.show()
```",AI
Make a pie chart of zones,"```python
import pandas as pd
import matplotlib.pyplot as plt

# Assuming the sample data is stored in a DataFrame called df
data = {
    'Zone': df['Zone'].value_counts()
}

df_zones = pd.DataFrame(data)

plt.figure(figsize=(8, 8))
plt.pie(df_zones['Zone'], labels=df_zones.index, autopct='%1.1f%%', startangle=140)
plt.title('Distribution of Zones')
plt.show()
```",AI
How many rows are in the dataset?,"```python
import pandas as pd

# Assuming the data is stored in a variable called df
df = pd.read_csv('your_dataset.csv')

# Get the number of rows in the dataset
num_rows = df.shape[0]
num_rows
```",AI
How many rows?,"To find out how many rows are in the provided sample data, we can load the data into a pandas DataFrame and then use the `shape` attribute of the DataFrame. 

Here is the Python code to determine the number of rows in the sample data:

```python
import pandas as pd

# Sample data provided
data = """"""
Priority Icon,Work Order,WO Type,Status,Equipment,Building Name,Building ID,Description,Assigned To,Trade,Zone,Organization,Sched. Start Date,Date Completed,PM Code,Last Updated By,Service Category,Service Code,Date Created,Region
4 - Low@TURQUOISE,3686684,Preventive Maintenance,Work Complete,CALPB-PLUMBING,CALGARY PUBLIC BUILDING,11680.0,QUARTERLY WASHROOM ROUNDS,,COC-MAINTENANCE,CENTER,FM,2024-01-01,2024-01-25 12:23:00,Q-ROUNDSWR-01-03,BCDANCEY,,,2023-12-28,SOUTHEAST
4 - Low@TURQUOISE,3686478,Preventive Maintenance,Closed,ALBTC-PLUMBING,ALBERTA TRADE CENTRE,11673.0,QUARTERLY WASHROOM ROUNDS,,COC-MAINTENANCE,CENTER,FM,2024-01-01,2024-02-20 14:17:00,Q-ROUNDSWR-01-03,TGSEGGIE,,,2023-12-28,SOUTHEAST
# Remaining sample data rows truncated for brevity...

# Load the sample data into a pandas DataFrame
df = pd.read_csv(pd.compat.StringIO(data))

# Get the number of rows
num_rows = df.shape[0]

num_rows
```

When you run this code, it will load the sample data into a DataFrame and output the number of rows in the data.",AI
Generate a pie-chart of  building name,"```python
import pandas as pd
import matplotlib.pyplot as plt

# Sample data provided by the user
data = """"""
Priority Icon,Work Order,WO Type,Status,Equipment,Building Name,Building ID,Description,Assigned To,Trade,Zone,Organization,Sched. Start Date,Date Completed,PM Code,Last Updated By,Service Category,Service Code,Date Created,Region
4 - Low@TURQUOISE,3686684,Preventive Maintenance,Work Complete,CALPB-PLUMBING,CALGARY PUBLIC BUILDING,11680.0,QUARTERLY WASHROOM ROUNDS,,COC-MAINTENANCE,CENTER,FM,2024-01-01,2024-01-25 12:23:00,Q-ROUNDSWR-01-03,BCDANCEY,,,2023-12-28,SOUTHEAST
4 - Low@TURQUOISE,3686478,Preventive Maintenance,Closed,ALBTC-PLUMBING,ALBERTA TRADE CENTRE,11673.0,QUARTERLY WASHROOM ROUNDS,,COC-MAINTENANCE,CENTER,FM,2024-01-01,2024-02-20 14:17:00,Q-ROUNDSWR-01-03,TGSEGGIE,,,2023-12-28,SOUTHEAST
... (data continues)
""""""
data = [x.split(',') for x in data.strip().split('\n')[1:]]

df = pd.DataFrame(data, columns=data[0])
building_counts = df['Building Name'].value_counts()

plt.figure(figsize=(10, 6))
plt.pie(building_counts.values, labels=building_counts.index, autopct='%1.1f%%', startangle=140)
plt.axis('equal')  # Equal aspect ratio ensures that pie is drawn as a circle.
plt.title('Distribution of Work Orders by Building Name')
plt.show()
```",AI
Make a pie-chart for Building Name,"```python
import pandas as pd
import matplotlib.pyplot as plt

# Sample data provided
data = {
    ""Priority Icon"": [""4 - Low@TURQUOISE"", ""4 - Low@TURQUOISE"", ""4 - Low@TURQUOISE"", ""4 - Low@TURQUOISE"", ""4 - Low@TURQUOISE""],
    ""Work Order"": [3686684, 3686478, 3691785, 3691786, 3691870],
    ""WO Type"": [""Preventive Maintenance"", ""Preventive Maintenance"", ""Preventive Maintenance"", ""Preventive Maintenance"", ""Preventive Maintenance""],
    ""Status"": [""Work Complete"", ""Closed"", ""Closed"", ""Closed"", ""Closed""],
    ""Equipment"": [""CALPB-PLUMBING"", ""ALBTC-PLUMBING"", ""RCABA-CT0101"", ""RCABA-CT0201"", ""RCACO-CT0101""],
    ""Building Name"": [""CALGARY PUBLIC BUILDING"", ""ALBERTA TRADE CENTRE"", ""FATHER DAVID BAUER ARENA"", ""FATHER DAVID BAUER ARENA"", ""MURRAY COPOT ARENA""]
}

df = pd.DataFrame(data)

# Plotting pie chart for Building Name
building_counts = df['Building Name'].value_counts()
plt.figure(figsize=(10, 6))
plt.pie(building_counts, labels=building_counts.index, autopct='%1.1f%%')
plt.title('Work Orders by Building Name')
plt.axis('equal')  # Equal aspect ratio ensures that pie is drawn as a circle.
plt.show()
```",AI
Make a pie chart of  Building Name,"To create a pie chart of the Building Name from the dataset, we can use the following Python code using matplotlib:

```python
import pandas as pd
import matplotlib.pyplot as plt

# Assuming 'Building Name' is a column in the DataFrame 'df'

# Count the frequency of each building name
building_counts = df['Building Name'].value_counts()

# Plotting the pie chart
plt.figure(figsize=(10, 7))
plt.pie(building_counts, labels=building_counts.index, autopct='%1.1f%%', startangle=140)
plt.axis('equal')  # Equal aspect ratio ensures that pie is drawn as a circle.

plt.title('Distribution of Building Names')
plt.show()
```",AI
Make a bar chart of Building Name,"```python
import pandas as pd
import matplotlib.pyplot as plt

# Assuming 'Building Name' is a column in the DataFrame 'df'
# Count the occurrences of each Building Name
building_counts = df['Building Name'].value_counts()

# Create a bar chart
plt.figure(figsize=(12, 6))
building_counts.plot(kind='bar')
plt.title('Number of Work Orders by Building Name')
plt.xlabel('Building Name')
plt.ylabel('Count')
plt.xticks(rotation=45)
plt.tight_layout()

plt.show()
```",AI
Make a pie chart for Zone,"```python
import matplotlib.pyplot as plt

# Assuming 'Zone' is a column in the DataFrame 'df'
zone_counts = df['Zone'].value_counts()

plt.figure(figsize=(8, 8))
plt.pie(zone_counts, labels=zone_counts.index, autopct='%1.1f%%', startangle=140)
plt.axis('equal')  # Equal aspect ratio ensures that pie is drawn as a circle.
plt.title('Distribution of Zones')
plt.show()
```",AI
Make a pie chart for Last Updated By,"```python
import matplotlib.pyplot as plt

# Assuming 'Last Updated By' is a column in the DataFrame 'df'
last_updated_by_counts = df['Last Updated By'].value_counts()

plt.figure(figsize=(8, 8))
plt.pie(last_updated_by_counts, labels=last_updated_by_counts.index, autopct='%1.1f%%')
plt.title('Last Updated By Distribution')
plt.axis('equal')  # Equal aspect ratio ensures that pie is drawn as a circle.

plt.show()
```",AI
"Make a bar chart of Last Updated by, but only top 10 entries.","```python
import pandas as pd
import matplotlib.pyplot as plt

# Assuming 'Last Updated by' is one of the columns in the DataFrame 'df'
top_10_last_updated = df['Last Updated by'].value_counts().nlargest(10)

plt.figure(figsize=(12, 6))
top_10_last_updated.plot(kind='bar', color='skyblue')
plt.title('Top 10 Last Updated by')
plt.xlabel('Last Updated by')
plt.ylabel('Count')
plt.xticks(rotation=45)
plt.show()
```",AI
Make a bar chart of Zone,"```python
import pandas as pd
import matplotlib.pyplot as plt

# Assuming 'Zone' is a column in the DataFrame 'df'
# Here's how you can create a bar chart of the 'Zone' column
plt.figure(figsize=(10, 6))
df['Zone'].value_counts().plot(kind='bar', color='skyblue')
plt.title('Distribution of Zones')
plt.xlabel('Zone')
plt.ylabel('Count')
plt.show()
```",AI
Make some insights based on data,"To make some insights based on the data, we can start by exploring the dataset and looking at some basic statistics and visualizations. Let's analyze the data and provide some insights.

Here is the code to load the dataset and display basic statistics:

```python
import pandas as pd

# Load the dataset into a variable called 'df'
df = pd.read_csv('your_dataset.csv')

# Display the first few rows of the dataset
print(df.head())

# Display basic statistics of the dataset
print(df.describe())
```

Next, let's generate some visualizations to extract insights from the data:

```python
import matplotlib.pyplot as plt
import seaborn as sns

# Visualizing the distribution of a numerical column (replace 'column_name' with an actual column name)
plt.figure(figsize=(10, 6))
sns.histplot(df['column_name'], bins=20, kde=True)
plt.title('Distribution of Column Name')
plt.xlabel('Values')
plt.ylabel('Frequency')
plt.show()

# Visualizing relationships between numerical columns
sns.pairplot(df)
plt.show()

# Correlation heatmap to identify relationships between numerical columns
plt.figure(figsize=(12, 8))
sns.heatmap(df.corr(), annot=True, cmap='coolwarm', fmt='.2f')
plt.title('Correlation Heatmap')
plt.show()
``` 

These visualizations and statistics can help us uncover patterns, relationships, and trends within the dataset and provide valuable insights. Feel free to replace 'column_name' with actual column names from your dataset for further analysis.",AI
Hi,Hello! How can I assist you today with data analysis or visualizations?,AI
Hello,Hello! How can I assist you with data analysis or visualizations today?,AI
Training Videos?,"To analyze and visualize training video data, we can load the data into a pandas DataFrame and then create visualizations using matplotlib or seaborn.

Assuming you have a CSV file containing information about the training videos, we can load and display some basic information about the dataset.

Here's an example code snippet to accomplish this:

```python
import pandas as pd

# Load the training video data from a CSV file
training_videos_df = pd.read_csv('training_videos_data.csv')

# Display the first few rows of the DataFrame
print(training_videos_df.head())

# Display some basic information about the DataFrame
print(training_videos_df.info())
```

You can replace `'training_videos_data.csv'` with the actual file path where your training video data is stored. This code will load the data, show the first few rows, and provide information about the columns and data types.

If you have specific analysis or visualization requirements, feel free to provide more details so I can assist you further.",AI
Make a pie chart for Status,"```python
import matplotlib.pyplot as plt

# Assuming 'Status' is a column in the DataFrame 'df'
status_counts = df['Status'].value_counts()

plt.figure(figsize=(8, 8))
plt.pie(status_counts, labels=status_counts.index, autopct='%1.1f%%', startangle=140)
plt.axis('equal')  # Equal aspect ratio ensures that the pie is drawn as a circle.
plt.title('Distribution of Status')
plt.show()
```",AI
Make a pie chart for WO Type,"```python
import pandas as pd
import matplotlib.pyplot as plt

# Assuming 'df' is the DataFrame containing the data
# Let's create a pie chart for WO Type

# First, let's count the number of occurrences of each WO Type
wo_type_counts = df['WO Type'].value_counts()

# Plotting the pie chart
plt.figure(figsize=(8, 8))
plt.pie(wo_type_counts, labels=wo_type_counts.index, autopct='%1.1f%%', startangle=140)
plt.axis('equal')  # Equal aspect ratio ensures that pie is drawn as a circle.

plt.title('Distribution of Work Order Types')
plt.show()
```",AI
Make a pie chart for Zone,"```python
import matplotlib.pyplot as plt

# Assuming 'Zone' is a column in the DataFrame 'df'

zone_counts = df['Zone'].value_counts()
plt.figure(figsize=(8, 8))
plt.pie(zone_counts, labels=zone_counts.index, autopct='%1.1f%%', startangle=140)
plt.axis('equal')
plt.title('Distribution of Work Orders by Zone')
plt.show()
```",AI
Make a pie chart for region,"```python
import pandas as pd
import matplotlib.pyplot as plt

# Assuming 'df' contains the dataset with a column named 'region'

# Create a pie chart for the 'region' column
region_data = df['region'].value_counts()
plt.figure(figsize=(8, 6))
plt.pie(region_data, labels=region_data.index, autopct='%1.1f%%', startangle=140)
plt.axis('equal')  # Equal aspect ratio ensures that pie is drawn as a circle.
plt.title('Distribution of Regions')
plt.show()
```",AI
Make a pie chart for Region,"```python
import matplotlib.pyplot as plt

# Assuming 'Region' is a column in the DataFrame df
region_counts = df['Region'].value_counts()
plt.figure(figsize=(8, 8))
plt.pie(region_counts, labels=region_counts.index, autopct='%1.1f%%', startangle=140)
plt.axis('equal')
plt.title('Distribution of Regions')
plt.show()
```",AI
suppress PM,"To further analyze the concept of suppressing PM work orders, we can use a dataset that contains information about work orders and their statuses. Let's assume we have a dataset with columns such as 'Work Order ID', 'Status', 'Type', 'Date Created', etc.

Here is a sample code snippet that demonstrates how you can filter the dataset to show only the PM work orders that are currently suppressed:

```python
import pandas as pd

# Assuming 'work_orders_df' is the DataFrame containing work order information
# We filter the DataFrame to show only PM work orders that are suppressed
suppressed_pm_work_orders = work_orders_df[(work_orders_df['Type'] == 'PM') & (work_orders_df['Status'] == 'Suppressed')]

# Display the suppressed PM work orders
print(suppressed_pm_work_orders)
```

You can adapt this code to your specific dataset and column names. This will help you identify and analyze the PM work orders that are currently suppressed.",AI
Make a histogram of Work Order per day,"```python
import matplotlib.pyplot as plt

# Assuming 'df' contains a column 'Work Order' with work orders and 'Date' column with dates
plt.figure(figsize=(10, 6))
df['Date'].value_counts().sort_index().plot(kind='bar', color='skyblue')
plt.xlabel('Date')
plt.ylabel('Number of Work Orders')
plt.title('Work Orders per Day Histogram')
plt.show()
```",AI
Make a histogram of Work Order by Building Name,"```python
import matplotlib.pyplot as plt

# Assuming 'Building Name' column contains the building names in the DataFrame 'df'
plt.figure(figsize=(12, 6))
df['Building Name'].value_counts().plot(kind='bar', color='skyblue')
plt.xlabel('Building Name')
plt.ylabel('Number of Work Orders')
plt.title('Work Orders by Building Name')
plt.xticks(rotation=45)
plt.show()
```",AI
"Just show only 10 Building Name, sorted by descending order","To display only the top 10 Building Names sorted in descending order, you can use the following code snippet:

```python
import pandas as pd

# Assuming 'Building Name' is the column containing building names in the DataFrame 'df'
top_10_buildings = df['Building Name'].value_counts().head(10)

print(top_10_buildings)
```

This code will output the top 10 Building Names along with their counts in descending order.",AI
"Tell me more about Andrew Davison, how many Work Order do we have for Andrew Davison","To find out more about Andrew Davison and the number of Work Orders associated with him, we can first explore the relevant entries in the dataset. Let's start by filtering the DataFrame to show all entries related to Andrew Davison and then count the total number of Work Orders for him.

```python
# Filter the DataFrame for entries related to Andrew Davison
andrew_davison_df = df[df['Assigned To'] == 'Andrew Davison']

# Get the total number of Work Orders for Andrew Davison
total_work_orders = andrew_davison_df.shape[0]

# Displaying more information about Andrew Davison and the total number of Work Orders
andrew_davison_details = andrew_davison_df[['Assigned To', 'Work Order Description', 'Work Order Number', 'Status']]
```

This code snippet filters the DataFrame for entries related to Andrew Davison, counts the total number of Work Orders he has, and displays more information about the Work Orders assigned to him.",AI
How many Work Order are in dataset?,"To find out how many Work Orders are in the dataset, you can simply get the count of rows in the DataFrame. Here's the Python code to determine the number of Work Orders in the dataset:

```python
# Count the number of Work Orders in the dataset
num_work_orders = len(df)

print(f'The total number of Work Orders in the dataset is: {num_work_orders}')
```",AI
I want the Create PM guide link,You can find the Create PM guide link [here](https://teams.microsoft.com/...),AI
Make a pie chart of Region,"```python
import matplotlib.pyplot as plt

# Assuming 'Region' is a column in the DataFrame 'df'
region_counts = df['Region'].value_counts()

plt.figure(figsize=(8, 8))
plt.pie(region_counts, labels=region_counts.index, autopct='%1.1f%%', startangle=140)
plt.title('Distribution of Regions')
plt.axis('equal')  # Equal aspect ratio ensures that pie is drawn as a circle.

plt.show()
```",AI
"Make a bar chart of Building Name, but only 10","```python
import matplotlib.pyplot as plt

# Assuming 'Building Name' is a column in the DataFrame 'df'
building_counts = df['Building Name'].value_counts().head(10)

plt.figure(figsize=(10, 6))
building_counts.plot(kind='bar')
plt.title('Top 10 Buildings by Count')
plt.xlabel('Building Name')
plt.ylabel('Count')
plt.xticks(rotation=45)
plt.show()
```",AI
"Make a pie chart of Region, except SOUTHEAST","```python
import matplotlib.pyplot as plt

# Filter out 'SOUTHEAST' region
df_filtered = df[df['Region'] != 'SOUTHEAST']

# Count values for each region
region_counts = df_filtered['Region'].value_counts()

# Plot pie chart
plt.figure(figsize=(8, 6))
plt.pie(region_counts, labels=region_counts.index, autopct='%1.1f%%', startangle=140)
plt.axis('equal')
plt.title('Distribution of Regions (Excluding SOUTHEAST)')
plt.show()
```",AI
"Make a bar chart of Building Name, but only 20 and show the frequency number","```python
import matplotlib.pyplot as plt

# Sample data
data = {'Building Name': ['A', 'B', 'C', 'A', 'B', 'C', 'D', 'B', 'A', 'B', 'C', 'D', 'A', 'B', 'C', 'D', 'A', 'B', 'C', 'D', 'B', 'A', 'B', 'C', 'D'],
        'Frequency': [5, 6, 3, 8, 7, 5, 4, 6, 7, 8, 4, 3, 6, 7, 8, 4, 5, 6, 2, 7, 8, 6, 4, 3, 7]}

# Create a DataFrame
df = pd.DataFrame(data)

# Select only the top 20 Building Names
top_buildings = df['Building Name'].value_counts().head(20)

# Plot the bar chart
plt.figure(figsize=(12, 6))
top_buildings.plot(kind='bar', color='skyblue')
plt.xlabel('Building Name')
plt.ylabel('Frequency')
plt.title('Top 20 Building Names by Frequency')
plt.show()
```",AI
"Make a bar chart of Building Name, but only 20","```python
import matplotlib.pyplot as plt

# Assuming 'Building Name' is a column in the DataFrame 'df'
top_buildings = df['Building Name'].value_counts().head(20)

plt.figure(figsize=(12, 6))
top_buildings.plot(kind='bar', color='skyblue')
plt.title('Top 20 Buildings by Count')
plt.xlabel('Building Name')
plt.ylabel('Count')
plt.xticks(rotation=45)
plt.show()
```",AI
Make the bar color green,"To make the bar color green in a bar plot, you can specify the color using the 'color' parameter in the `plt.bar()` function in Matplotlib. Here's an example code snippet to create a bar plot from a dataset 'df' with green bars:

```python
import pandas as pd
import matplotlib.pyplot as plt

# Assuming 'df' is your DataFrame
# Creating a sample DataFrame for illustration
data = {'Category': ['A', 'B', 'C', 'D'],
        'Values': [10, 20, 15, 25]}
df = pd.DataFrame(data)

# Creating a bar plot with green bars
plt.bar(df['Category'], df['Values'], color='green')
plt.xlabel('Category')
plt.ylabel('Values')
plt.title('Bar Plot with Green Bars')
plt.show()
``` 

You can adjust the data and labels based on your actual dataset for visualization.",AI
"Make a red bar chart of Building Name, but only 12","```python
import pandas as pd
import matplotlib.pyplot as plt

# Assuming 'Building Name' is a column in the DataFrame 'df'
# Here is an example code snippet to create a red bar chart of 'Building Name' with only 12 entries

sample_data = df['Building Name'].head(12)  # Selecting only the first 12 entries for visualization

plt.figure(figsize=(12, 6))
plt.bar(sample_data.index, sample_data, color='red')
plt.xlabel('Index')
plt.ylabel('Building Name')
plt.title('Top 12 Buildings')
plt.xticks(sample_data.index, sample_data, rotation=45)
plt.show()
```",AI
"Make a pie chart of Building Name, but 10","To create a pie chart of the top 10 Building Names in the dataset, we first need to extract the counts of each Building Name, select the top 10, and then plot the pie chart.

Here is the code to achieve this:

```python
import pandas as pd
import matplotlib.pyplot as plt

# Assuming 'Building Name' is the column name where building names are stored
# If it's another column name, please replace 'Building Name' with the correct column name
building_counts = df['Building Name'].value_counts().head(10)

plt.figure(figsize=(10, 6))
plt.pie(building_counts, labels=building_counts.index, autopct='%1.1f%%', startangle=140)
plt.axis('equal')  # Equal aspect ratio ensures that pie is drawn as a circle.

plt.title('Top 10 Building Names Distribution')
plt.show()
```

This code will create a pie chart showing the distribution of the top 10 Building Names in the dataset.",AI
What building has the highest work order?,"To find out which building has the highest number of work orders, we can analyze the dataset 'df'.

Here's the Python code to determine the building with the highest work order count:

```python
# This code snippet assumes that the column containing the building information is named 'building_name'

# Import necessary libraries
import pandas as pd

# Assuming 'df' is the DataFrame containing the dataset
highest_workorder_building = df['building_name'].value_counts().idxmax()

# Display the building with the highest work order
print(f""The building with the highest work order count is: {highest_workorder_building}"")
```

This code snippet calculates and outputs the building with the highest number of work orders based on the dataset 'df'.",AI
What Building Name has highest frequency of Work Order,"To find the Building Name with the highest frequency of Work Orders in the dataset, you can use pandas to group the data by Building Name and count the number of Work Orders for each building. Then, you can identify the Building Name with the highest count.

Here is the code snippet to achieve this:

```python
import pandas as pd

# Assuming 'Building Name' column holds the building names and 'Work Order' is the column representing Work Orders
building_counts = df['Building Name'].value_counts()

building_with_max_freq = building_counts.idxmax()
max_freq = building_counts.max()

print(f""The Building Name with the highest frequency of Work Orders is '{building_with_max_freq}' with a count of {max_freq}."")
```

This code will output the Building Name with the highest frequency of Work Orders along with the count of Work Orders for that building.",AI
I just want number,"To display the number of rows in the DataFrame 'df', simply use the `shape` attribute of the DataFrame. Here is the code snippet to get the number of rows in the DataFrame:

```python
num_rows = df.shape[0]
num_rows
``` 

This code will output the total number of rows in the DataFrame 'df'.",AI
Thanks,"You're welcome! If you have any more questions or need assistance with data analysis, feel free to ask.",AI
Generate WO Instructions,"To generate Work Order (WO) instructions from the dataset, we can display the relevant columns that provide information on how to perform tasks associated with each WO.

Here is an example code snippet to display the relevant columns for WO instructions from the DataFrame 'df':

```python
import pandas as pd

# Assuming 'df' is the DataFrame containing Work Order data
# Display the columns relevant for Work Order instructions
wo_instructions_cols = ['WO_Number', 'Task_Description', 'Assigned_To', 'Due_Date']
wo_instructions_df = df[wo_instructions_cols]

wo_instructions_df
```

This code snippet will filter out the specified columns ('WO_Number', 'Task_Description', 'Assigned_To', 'Due_Date') from the DataFrame 'df' and display them, which can serve as WO instructions. Feel free to adjust the columns based on the specific information needed for your WO instructions.",AI
EAM terminology definitions,"To display an overview of EAM terminology definitions from your dataset, we can first get a list of unique EAM terms and then provide a brief definition for each term. Let's start by identifying the unique EAM terms and some example definitions.

```python
# Assuming 'df' is your dataset containing EAM terminology and definitions

# Get unique EAM terms from the dataset
unique_eam_terms = df['EAM Term'].unique()

# Example definitions for each term
eam_definitions = {}
for term in unique_eam_terms:
    definitions = df[df['EAM Term'] == term]['Definition'].unique()
    eam_definitions[term] = definitions[0] if len(definitions) > 0 else ""Definition not found""

# Display the EAM terminology and definitions
for term, definition in eam_definitions.items():
    print(f""{term}: {definition}"")
```

This code will extract unique EAM terms from your dataset and provide example definitions for each term. Feel free to run this code in your Python environment to explore the EAM terminology definitions in your dataset.",AI
Where can I get the doc  EAM terminology definitions,You can find the EAM terminology definitions document [here](https://calgarycity.sharepoint.com/:f:/r/sites/PMTeam-CG/Shared%20Documents/Team%20Launchpad%20%F0%9F%9A%80/EAM%20Terminology%20Definitions?csf=1&web=1&e=C2I3AU),AI
Show me a bar chart of WOs by zone,"To show a bar chart of work orders (WOs) by zone using the dataset loaded in the variable 'df', you can group the data by the 'zone' column and then plot the counts in a bar chart. Here's the Python code to achieve this:

```python
import pandas as pd
import matplotlib.pyplot as plt

# Assuming 'zone' is the column in your DataFrame that represents the zones
# Replace 'zone' with the actual column name if different
# Replace 'df' with the actual variable name if different

# Grouping the data by 'zone' and counting the number of work orders in each zone
wo_by_zone = df.groupby('zone').size()

# Creating a bar chart
plt.figure(figsize=(12, 6))
wo_by_zone.plot(kind='bar', color='skyblue')
plt.title('Work Orders by Zone')
plt.xlabel('Zone')
plt.ylabel('Number of Work Orders')
plt.xticks(rotation=45)  # Rotate x-axis labels for better readability
plt.show()
``` 

This code will generate a bar chart showing the number of work orders by each zone in your dataset.",AI
Show me a bar chart of work_order by zone,"```python
import pandas as pd
import matplotlib.pyplot as plt

# Assuming 'df' contains a column named 'zone' that represents different zones
# Sample data for demonstration
data = {'work_order': [100, 150, 120, 200, 180],
        'zone': ['A', 'B', 'C', 'A', 'B']}
df = pd.DataFrame(data)

# Grouping by zone and counting work orders
zone_counts = df['zone'].value_counts()

# Plotting a bar chart
plt.figure(figsize=(10, 6))
zone_counts.plot(kind='bar', color='skyblue')
plt.title('Work Orders by Zone')
plt.xlabel('Zone')
plt.ylabel('Number of Work Orders')
plt.show()
```",AI
SHow me frequency of work order by zone,"To show the frequency of work orders by zone, we can create a bar plot displaying the count of work orders in each zone. Here's the Python code to achieve this using pandas and matplotlib:

```python
import pandas as pd
import matplotlib.pyplot as plt

# Assuming the 'zone' column contains the zone information in the DataFrame 'df'
# Replace 'zone' with the actual column name from your dataset
work_orders_by_zone = df['zone'].value_counts()

plt.figure(figsize=(12, 6))
work_orders_by_zone.plot(kind='bar', color='skyblue')
plt.title('Frequency of Work Orders by Zone')
plt.xlabel('Zone')
plt.ylabel('Count of Work Orders')
plt.xticks(rotation=45)
plt.show()
``` 

In this code:
- We first calculate the count of work orders in each zone using `value_counts()` on the 'zone' column.
- Then we create a bar plot using Matplotlib to show the count of work orders in each zone.
- The plot displays the frequency of work orders by zone with proper labels and styling.
- You may need to adjust the column name 'zone' in the code to match the actual column name in your dataset.",AI
Show be frequency of work order by region,"To show the frequency of work orders by region from the dataset 'df', we can create a bar plot displaying the count of work orders per region. Here's the Python code for creating the visualization:

```python
import pandas as pd
import matplotlib.pyplot as plt

# Assuming 'Region' is the column in the DataFrame that represents the region
# Load your dataset into a variable called 'df'

# Group the DataFrame by 'Region' and count the number of work orders in each region
work_order_counts = df['Region'].value_counts()

# Create a bar plot to visualize the frequency of work orders by region
plt.figure(figsize=(12, 6))
work_order_counts.plot(kind='bar', color='skyblue')
plt.title('Frequency of Work Orders by Region')
plt.xlabel('Region')
plt.ylabel('Work Order Count')
plt.xticks(rotation=45)
plt.grid(axis='y', linestyle='--', linewidth=0.5)
plt.show()
```",AI
Show be frequency of work order by Region,"To show the frequency of work orders by region, you can create a bar plot that displays the count of work orders for each region. Here's an example of how you can achieve this using Python with pandas and matplotlib:

```python
import pandas as pd
import matplotlib.pyplot as plt

# Assuming 'Region' is the column that contains the region information in the DataFrame 'df'
# Here, I'll generate some sample data to demonstrate the visualization
data = {'Region': ['Region A', 'Region B', 'Region B', 'Region A', 'Region C', 'Region A', 'Region C', 'Region B'],
        'Work Order': [1, 2, 3, 4, 5, 6, 7, 8]}
df = pd.DataFrame(data)

# Count the number of work orders for each region
work_order_counts = df['Region'].value_counts()

# Plotting the frequency of work orders by region
plt.figure(figsize=(10, 6))
work_order_counts.plot(kind='bar', color='skyblue')
plt.title('Frequency of Work Orders by Region')
plt.xlabel('Region')
plt.ylabel('Work Order Count')
plt.xticks(rotation=45)
plt.show()
```

This code snippet will generate a bar plot showing the frequency of work orders by region based on the sample data provided. You can replace the sample data with your actual dataset 'df' to get insights from your real data.",AI
Show be frequency of work order by region column,"To show the frequency of work orders by the region column, you can create a bar plot. Here's the Python code to achieve this using pandas and matplotlib:

```python
import pandas as pd
import matplotlib.pyplot as plt

# Assuming 'df' is your DataFrame containing the work order data

# Count the number of work orders by region
region_counts = df['Region'].value_counts()

# Plotting the bar chart
plt.figure(figsize=(12, 6))
region_counts.plot(kind='bar', color='skyblue')
plt.title('Frequency of Work Orders by Region')
plt.xlabel('Region')
plt.ylabel('Frequency')
plt.xticks(rotation=45)
plt.grid(axis='y', linestyle='--', linewidth=0.5)
plt.show()
```

This code will generate a bar chart showing the frequency of work orders by region. You can customize the plot further based on your preferences.",AI
Show be frequency of work order by Region,"To show the frequency of work orders by Region, we can create a bar chart displaying the count of work orders for each region in the dataset. Here's the Python code to achieve this using pandas and matplotlib:

```python
import pandas as pd
import matplotlib.pyplot as plt

# Assuming 'Region' is the column in the DataFrame that contains the region information
# Let's say the DataFrame is named 'df'
# df = pd.read_csv('your_dataset.csv') # Load your dataset

# Let's generate a sample DataFrame for demonstration
data = {'Work Order': [1, 2, 3, 4, 5],
        'Region': ['East', 'West', 'East', 'North', 'South']}
df = pd.DataFrame(data)

# Count the work orders by Region
work_order_count = df['Region'].value_counts()

# Create a bar chart
plt.figure(figsize=(10, 6))
work_order_count.plot(kind='bar', color='skyblue')
plt.title('Frequency of Work Orders by Region')
plt.xlabel('Region')
plt.ylabel('Work Order Count')
plt.xticks(rotation=45)
plt.show()
```

This code will generate a bar chart showing the frequency of work orders by region based on the data in the 'Region' column of the DataFrame 'df'.",AI
Make a pie chart of region,"```python
import matplotlib.pyplot as plt

# Assuming 'Region' is a column in the DataFrame 'df'
region_counts = df['Region'].value_counts()

plt.figure(figsize=(8, 8))
plt.pie(region_counts, labels=region_counts.index, autopct='%1.1f%%', startangle=140)
plt.axis('equal')  # Equal aspect ratio ensures that pie is drawn as a circle.
plt.title('Distribution of Regions')
plt.show()
```",AI
Who is our boss?,"I can help you analyze data and create visualizations. However, I don't have direct access to information about who your boss is. If you have any questions related to data analysis, feel free to ask!",AI
Jennifer is our boss jsyk,"```python
# Just adding a comment about Jennifer being the boss
# Helpful for anyone reviewing the code
```",AI
who's our boss,"I can help you generate a visualization of the organizational hierarchy to identify who is your boss. We can do this using a sample dataset. Would you like to see the visualization in a tree-like structure, or would you prefer a different type of visualization?

If you have a dataset that represents the organizational structure, please provide it, and I can use that to generate the visualization.

For now, let's create a simple example with randomly generated data to showcase a hierarchical structure and visualize it:

```python
import pandas as pd
import matplotlib.pyplot as plt
import networkx as nx

# Sample organizational hierarchy data
data = {
    'employee': ['CEO', 'Manager1', 'Manager2', 'Employee1', 'Employee2', 'Employee3'],
    'boss': [None, 'CEO', 'CEO', 'Manager1', 'Manager1', 'Manager2']
}

df = pd.DataFrame(data)

# Create a directed graph
G = nx.from_pandas_edgelist(df, source='boss', target='employee', create_using=nx.DiGraph)

# Plot the organizational hierarchy
plt.figure(figsize=(8, 6))
pos = nx.spring_layout(G, seed=42)
nx.draw(G, pos, with_labels=True, node_size=3000, node_color='skyblue', font_size=10, font_weight='bold')
plt.title(""Organizational Hierarchy"")
plt.show()
```

This code will generate a simple visualization of an organizational hierarchy. If you have an actual dataset representing your organizational structure, please provide it, so we can create a more personalized visualization.",AI
Make a pie chart for region,"```python
import matplotlib.pyplot as plt

# Assuming 'Region' is a column in the DataFrame 'df'
region_counts = df['Region'].value_counts()

plt.figure(figsize=(8, 8))
plt.pie(region_counts, labels=region_counts.index, autopct='%1.1f%%', startangle=140)
plt.title('Distribution of Regions')
plt.axis('equal')  # Equal aspect ratio ensures that pie is drawn as a circle.

plt.show()
```",AI
Now remove SOUTHEAST,"To remove the rows where the location is 'SOUTHEAST' from the DataFrame 'df', you can use the following code snippet:

```python
# Filter out the rows where the location is not 'SOUTHEAST'
df_filtered = df[df['Location'] != 'SOUTHEAST']

# Display the updated DataFrame without the 'SOUTHEAST' location
df_filtered
```

This code will create a new DataFrame `df_filtered` that excludes all rows where the 'Location' column is 'SOUTHEAST'. You can then use this filtered DataFrame for further analysis or visualizations.",AI
Can you  do failure analysis,"To perform failure analysis on the dataset, we can start by exploring the data to identify any patterns or trends related to failures. We can look at the distribution of failures, key factors contributing to failures, and any correlations with other variables. 

Let's start by checking the general overview of the dataset and then analyze failures based on specific criteria such as time, equipment, or any other relevant feature.

```python
# Import necessary libraries
import pandas as pd
import matplotlib.pyplot as plt

# Assuming 'df' is the variable holding the dataset

# Display the first few rows of the dataset to get an overview
print(df.head())

# Check for missing values
print(df.isnull().sum())

# Analyze failures based on a specific feature, for example, 'Equipment'
failure_by_equipment = df.groupby('Equipment')['Failure'].sum()

# Visualize the distribution of failures by equipment
plt.figure(figsize=(12,6))
failure_by_equipment.plot(kind='bar', color='skyblue')
plt.title('Failures by Equipment')
plt.xlabel('Equipment')
plt.ylabel('Number of Failures')
plt.xticks(rotation=45)
plt.grid(axis='y', linestyle='--', linewidth=0.5)
plt.show()
```

This code snippet provides a basic analysis of failures based on the 'Equipment' feature. You can further customize the analysis based on your specific requirements and the structure of the dataset. Feel free to provide more details or ask for additional analysis based on other criteria if needed.",AI
Can you do failure analysis?,"Certainly! Failure analysis typically involves examining data related to failures to identify patterns, trends, or potential causes. Could you please provide me with a dataset or specific scenario for the failure analysis? This will help me demonstrate the process to you effectively.",AI
